1,12.3.1.,Musicians depicted without dancers in the same scene or composition,https://archaeologydataservice.ac.uk/archives/view/oee_ahrc_2006/queryThemes.cfm?section=tombs&theme=12.3.1
2,12.3.2.,Musicians depicted with dancers in the same scene or composition,https://archaeologydataservice.ac.uk/archives/view/oee_ahrc_2006/queryThemes.cfm?section=tombs&theme=12.3.2
3,12.3.3.,Musicians depicted in sub-registers,https://archaeologydataservice.ac.uk/archives/view/oee_ahrc_2006/queryThemes.cfm?section=tombs&theme=12.3.3
4,12.3.4.,Musician playing a harp,https://archaeologydataservice.ac.uk/archives/view/oee_ahrc_2006/queryThemes.cfm?section=tombs&theme=12.3.4
5,12.3.5.,Musician playing a long flute,https://archaeologydataservice.ac.uk/archives/view/oee_ahrc_2006/queryThemes.cfm?section=tombs&theme=12.3.5
6,12.3.6.,Musician playing a short wind instrument (a single 'pipe'),https://archaeologydataservice.ac.uk/archives/view/oee_ahrc_2006/queryThemes.cfm?section=tombs&theme=12.3.6
7,12.3.7.,Musician playing a double 'pipe',https://archaeologydataservice.ac.uk/archives/view/oee_ahrc_2006/queryThemes.cfm?section=tombs&theme=12.3.7
8,12.3.8.,Singer in a scene of musicians,https://archaeologydataservice.ac.uk/archives/view/oee_ahrc_2006/queryThemes.cfm?section=tombs&theme=12.3.8
9,12.3.9.,Relative of the tomb owner depicted as a musician,https://archaeologydataservice.ac.uk/archives/view/oee_ahrc_2006/queryThemes.cfm?section=tombs&theme=12.3.9
10,12.3.10.,Female musician,https://archaeologydataservice.ac.uk/archives/view/oee_ahrc_2006/queryThemes.cfm?section=tombs&theme=12.3.10
11,12.3.11.,Animal associated with a scene of musicians,https://archaeologydataservice.ac.uk/archives/view/oee_ahrc_2006/queryThemes.cfm?section=tombs&theme=12.3.11
