1,1,6,Tomb H 9
2,2,22,Sekhemka
3,2,17,Redi
4,2,18,Kakhent
5,2,25,Kapi
6,2,18,Zaib
7,2,25,Nimaatre
8,2,33,Kahif
9,2,25,Akhmerutnesut
10,2,29,Iasen
11,2,22,Nefermesdjerkhufu
12,2,20,Senedjemib Inti
13,2,22,Senedjemib Mehi
14,2,8,Khnumhotep II
15,2,28,Kaiemankh
16,2,25,Nefer I
17,2,15,Seshemnefer II
18,2,20,Seshemnefer III
19,2,4,Khemetnu
20,2,4,Kaieswedja
21,2,21,Rawer I
22,2,15,Iymery
23,2,12,Shepseskafankh
24,3,33,Idu
25,3,4,Meresankh III
26,3,22,Ankhmare
27,3,14,Rakhaefankh
28,4,1,Nikaure
29,4,3,Debehen
30,4,18,Nakhtka
31,4,18,Kadua
32,4,18,Kakaiankh
33,4,21,Khuwiwer
34,4,9,Netjerpunisut
35,4,5,Khentkaus I
36,5,3,Khuenre
37,6,19,Ty
38,6,20,Kaemrehu
39,6,17,Raemka
40,6,21,Meresankh IV
41,6,20,Rashepses
42,6,22,Nikauhor
43,6,7,Ka-aper
44,7,28,Mereruka
45,7,23,Kaiemsenu
46,8,10,Persen
47,8,11,Khnumhotep
48,8,14,Nenkheftka
49,8,11,Senenuankh
50,8,21,Neferirtenef
51,8,23,Kednes
52,9,17,Hetepherakhti
53,9,22,Ptahhotep II
54,9,25,Ptahhotep
55,9,30,Merefnebef
56,10,32,Seshemnefer
57,10,22,Iynefert
58,10,31,Mehu
59,10,33,Bia
60,10,26,Nebkauhor
61,10,30,Kairer
62,10,17,Akhethetep
63,10,15,Nefer and Kahay
64,10,16,Niankhkhnum and Khnumhotep
65,10,18,Irenkaptah
66,10,30,Methethi
67,11,14,Nikaure
68,11,13,Werirniptah
69,11,6,Michaelidis Colln. (Harpist)
70,11,24,Schneider
71,11,18,Van Leer Coll. [8*]
72,12,28,In-snefru-ishtef
73,13,25,Inti
74,13,29,Shedu
75,14,21,Khunes
76,14,30,Niankhpepi
77,15,21,Serfka
78,15,20,Werirni
79,16,34,Ibi
80,17,27,Hemre
81,18,34,Pepyankh
82,19,34,Pepi
83,19,34,Pepyankh-heri-ib
84,20,14,Kakhent and Iufi
85,20,8,Kakhent and Khentkaues
86,21,34,Kahep
87,21,34,Shepsipumin
88,21,23,Hesimin
89,21,35,Theti-aa
90,22,33,Ihy
91,22,34,Unisankh
92,,27,Havana. Mus. Nac. (Dancers; musicians)
